Id,Prediction
432,49
433,47
434,55
435,66
436,74
437,83
438,88
439,94
440,102
441,106
442,124
443,122
444,122
445,134
446,145
447,155
448,162
449,166
450,178
451,197
452,198
453,203
454,215
455,222
456,44
457,51
458,51
459,62
460,69
461,91
462,88
463,95
464,102
465,111
466,121
467,130
468,133
469,139
470,148
471,151
472,156
473,162
474,165
475,176
476,186
477,189
478,202
479,205
480,28
481,35
482,37
483,45
484,53
485,64
486,80
487,91
488,97
489,94
490,104
491,105
492,110
493,130
494,138
495,149
496,144
497,164
498,169
499,181
500,182
501,183
502,202
503,9
504,16
505,23
506,31
507,43
508,50
509,68
510,78
511,95
512,106
513,107
514,120
515,125
516,130
517,138
518,145
519,153
520,154
521,162
522,169
523,177
524,183
525,192
526,15
527,20
528,39
529,37
530,45
531,49
532,48
533,58
534,67
535,89
536,102
537,104
538,119
539,128
540,138
541,151
542,160
543,168
544,171
545,184
546,190
547,196
548,205
549,33
550,34
551,50
552,59
553,73
554,76
555,90
556,87
557,94
558,104
559,117
560,120
561,131
562,134
563,143
564,151
565,162
566,169
567,183
568,196
569,204
570,207
571,209
572,35
573,42
574,44
575,76
576,83
577,91
578,99
579,107
580,117
581,128
582,135
583,143
584,151
585,162
586,162
587,171
588,162
589,166
590,176
591,184
592,191
593,199
594,207
595,219
596,37
597,44
598,52
599,57
600,73
601,83
602,87
603,95
604,100
605,108
606,118
607,125
608,133
609,136
610,149
611,163
612,179
613,190
614,190
615,200
616,204
617,222
618,225
619,51
620,52
621,60
622,65
623,70
624,83
625,90
626,99
627,106
628,110
629,121
630,132
631,138
632,148
633,167
634,171
635,169
636,187
637,193
638,196
639,204
640,211
641,218
642,28
643,24
644,34
645,44
646,52
647,58
648,73
649,76
650,84
651,95
652,111
653,124
654,135
655,140
656,147
657,155
658,171
659,176
660,184
661,184
662,194
663,205
664,213
665,33
666,43
667,48
668,56
669,63
670,73
671,82
672,83
673,90
674,98
675,103
676,111
677,110
678,111
679,129
680,136
681,143
682,157
683,163
684,184
685,172
686,174
687,191
688,196
1135,46
1136,52
1137,60
1138,67
1139,75
1140,85
1141,92
1142,93
1143,109
1144,112
1145,120
1146,129
1147,142
1148,153
1149,158
1150,166
1151,172
1152,178
1153,186
1154,190
1155,200
1156,218
1157,221
1158,44
1159,51
1160,59
1161,67
1162,73
1163,69
1164,83
1165,91
1166,106
1167,114
1168,122
1169,124
1170,137
1171,147
1172,159
1173,166
1174,169
1175,179
1176,189
1177,197
1178,197
1179,201
1180,209
1181,216
1182,84
1183,92
1184,100
1185,112
1186,117
1187,114
1188,131
1189,143
1190,151
1191,162
1192,166
1193,176
1194,180
1195,191
1196,196
1197,204
1198,209
1199,216
1200,40
1201,43
1202,46
1203,57
1204,70
1205,77
1206,86
1207,100
1208,106
1209,107
1210,126
1211,131
1212,142
1213,152
1214,161
1215,166
1216,176
1217,182
1218,188
1219,205
1220,200
1221,208
1222,218
1223,41
1224,50
1225,59
1226,70
1227,88
1228,98
1229,106
1230,119
1231,126
1232,133
1233,144
1234,152
1235,153
1236,163
1237,166
1238,173
1239,186
1240,209
1241,213
1242,227
1243,233
1244,232
1245,245
1246,53
1247,68
1248,76
1249,85
1250,101
1251,104
1252,117
1253,126
1254,137
1255,143
1256,170
1257,163
1258,171
1259,181
1260,182
1261,187
1262,197
1263,202
1264,209
1265,219
1266,221
1267,233
1268,237
1269,56
1270,66
1271,75
1272,75
1273,74
1274,86
1275,91
1276,102
1277,104
1278,123
1279,130
1280,136
1281,146
1282,158
1283,167
1284,177
1285,192
1286,195
1287,201
1288,210
1289,216
1290,226
1291,237
1292,247
1293,56
1294,60
1295,65
1296,70
1297,81
1298,87
1299,104
1300,106
1301,119
1302,131
1303,140
1304,144
1305,152
1306,163
1307,172
1308,183
1309,185
1310,191
1311,199
1312,207
1313,214
1314,217
1315,228
1316,50
1317,63
1318,73
1319,91
1320,102
1321,112
1322,126
1323,134
1324,146
1325,157
1326,164
1327,162
1328,167
1329,175
1330,183
1331,188
1332,201
1333,205
1334,213
1335,219
1336,230
1337,237
1784,63
1785,70
1786,72
1787,79
1788,85
1789,94
1790,101
1791,109
1792,118
1793,124
1794,121
1795,137
1796,148
1797,153
1798,163
1799,171
1800,181
1801,187
1802,194
1803,210
1804,219
1805,221
1806,232
1807,235
1808,53
1809,67
1810,75
1811,83
1812,102
1813,97
1814,109
1815,123
1816,133
1817,133
1818,144
1819,156
1820,167
1821,180
1822,190
1823,196
1824,203
1825,211
1826,228
1827,235
1828,239
1829,245
1830,252
1831,75
1832,81
1833,90
1834,95
1835,95
1836,102
1837,114
1838,114
1839,116
1840,124
1841,136
1842,148
1843,156
1844,168
1845,175
1846,183
1847,191
1848,198
1849,205
1850,206
1851,214
1852,219
1853,226
1854,233
1855,56
1856,65
1857,73
1858,87
1859,95
1860,113
1861,121
1862,124
1863,133
1864,143
1865,150
1866,160
1867,159
1868,173
1869,179
1870,188
1871,195
1872,196
1873,204
1874,226
1875,230
1876,236
1877,233
1878,69
1879,76
1880,84
1881,89
1882,97
1883,103
1884,110
1885,112
1886,126
1887,132
1888,146
1889,152
1890,156
1891,163
1892,166
1893,177
1894,183
1895,192
1896,200
1897,212
1898,218
1899,222
1900,230
1901,237
1902,59
1903,61
1904,72
1905,74
1906,81
1907,92
1908,102
1909,111
1910,116
1911,128
1912,133
1913,145
1914,153
1915,157
1916,171
1917,172
1918,183
1919,188
1920,197
1921,199
1922,205
1923,213
1924,224
1925,229
1926,53
1927,68
1928,70
1929,76
1930,86
1931,93
1932,99
1933,108
1934,114
1935,123
1936,134
1937,143
1938,152
1939,162
1940,170
1941,175
1942,182
1943,190
1944,189
1945,202
1946,210
1947,216
1948,225
1949,234
1950,37
1951,47
1952,45
1953,58
1954,62
1955,78
1956,89
1957,108
1958,111
1959,117
1960,122
1961,131
1962,147
1963,153
1964,164
1965,171
1966,178
1967,185
1968,192
1969,198
1970,206
1971,214
1972,222
1973,43
1974,47
1975,55
1976,63
1977,77
1978,84
1979,93
1980,99
1981,104
1982,119
1983,125
1984,124
1985,140
1986,154
1987,163
1988,173
1989,183
1990,185
1991,188
1992,195
1993,203
1994,215
1995,223
1996,48
1997,53
1998,61
1999,69
2000,70
2001,82
2002,90
2003,101
2004,109
2005,117
2006,127
2007,134
2008,140
2009,154
2010,162
2011,163
2012,170
2013,180
2014,186
2015,195
2016,202
2017,210
2018,220
2019,226
2020,47
2021,53
2022,62
2023,67
2024,78
2025,93
2026,94
2027,100
2028,112
2029,122
2030,133
2031,141
2032,145
2033,156
2034,167
2035,172
2036,179
2037,183
2038,200
2039,208
2040,213
2041,224
2042,226
2043,236
2044,56
2045,63
2046,71
2047,79
2048,87
2049,95
2050,105
2051,110
2052,126
2053,129
2054,137
2055,144
2056,151
2057,157
2058,165
2059,179
2060,190
2061,197
2062,202
2063,210
2064,217
2065,228
2066,230
2067,237
2523,86
2524,92
2525,100
2526,108
2527,116
2528,122
2529,131
2530,142
2531,159
2532,172
2533,175
2534,183
2535,196
2536,204
2537,221
2538,224
2539,232
2540,238
2541,249
2542,249
2543,254
2544,258
2545,257
2546,259
2547,90
2548,92
2549,96
2550,97
2551,104
2552,109
2553,115
2554,122
2555,129
2556,138
2557,150
2558,160
2559,168
2560,178
2561,188
2562,197
2563,205
2564,209
2565,216
2566,220
2567,227
2568,237
2569,242
2570,249
2571,78
2572,86
2573,94
2574,102
2575,107
2576,115
2577,122
2578,125
2579,133
2580,140
2581,151
2582,152
2583,162
2584,173
2585,184
2586,189
2587,197
2588,207
2589,215
2590,223
2591,229
2592,234
2593,244
2594,248
2595,83
2596,90
2597,89
2598,97
2599,104
2600,112
2601,131
2602,133
2603,153
2604,152
2605,163
2606,176
2607,195
2608,203
2609,216
2610,220
2611,228
2612,235
2613,247
2614,255
2615,256
2616,266
2617,274
2618,279
2619,88
2620,93
2621,101
2622,111
2623,119
2624,127
2625,131
2626,139
2627,153
2628,164
2629,171
2630,182
2631,191
2632,200
2633,207
2634,212
2635,229
2636,228
2637,236
2638,235
2639,243
2640,246
2641,256
2642,263
2643,84
2644,104
2645,112
2646,110
2647,121
2648,121
2649,133
2650,144
2651,158
2652,170
2653,177
2654,185
2655,194
2656,204
2657,211
2658,224
2659,225
2660,232
2661,238
2662,244
2663,253
2664,256
2665,263
2666,274
2667,94
2668,105
2669,112
2670,118
2671,128
2672,134
2673,144
2674,153
2675,161
2676,171
2677,180
2678,188
2679,197
2680,210
2681,214
2682,221
2683,228
2684,233
2685,242
2686,249
2687,257
2688,263
2689,269
2690,276
2691,105
2692,112
2693,118
2694,121
2695,134
2696,137
2697,149
2698,152
2699,160
2700,174
2701,180
2702,189
2703,203
2704,209
2705,217
2706,225
2707,235
2708,233
2709,241
2710,250
2711,269
2712,275
2713,278
2714,285
2715,110
2716,111
2717,119
2718,128
2719,135
2720,143
2721,151
2722,159
2723,169
2724,172
2725,186
2726,190
2727,192
2728,205
2729,218
2730,224
2731,229
2732,227
2733,235
2734,236
2735,248
2736,255
2737,259
2738,264
2739,85
2740,91
2741,100
2742,107
2743,112
2744,119
2745,130
2746,140
2747,149
2748,157
2749,169
2750,169
2751,183
2752,191
2753,191
2754,203
2755,208
2756,214
2757,228
2758,230
2759,239
2760,245
2761,250
2762,254
2763,78
2764,85
2765,93
2766,98
2767,106
2768,119
2769,125
2770,132
2771,140
2772,152
2773,163
2774,172
2775,182
2776,191
2777,199
2778,210
2779,220
2780,227
2781,232
2782,240
2783,241
2784,249
2785,259
2786,266
3243,103
3244,112
3245,118
3246,126
3247,132
3248,140
3249,147
3250,157
3251,167
3252,175
3253,185
3254,189
3255,186
3256,188
3257,211
3258,210
3259,217
3260,234
3261,238
3262,257
3263,265
3264,271
3265,279
3266,283
3267,109
3268,114
3269,122
3270,129
3271,135
3272,143
3273,154
3274,164
3275,173
3276,176
3277,188
3278,197
3279,208
3280,222
3281,231
3282,240
3283,241
3284,249
3285,256
3286,264
3287,266
3288,274
3289,283
3290,295
3291,100
3292,107
3293,115
3294,122
3295,130
3296,138
3297,146
3298,154
3299,160
3300,169
3301,181
3302,193
3303,196
3304,198
3305,197
3306,216
3307,231
3308,240
3309,244
3310,252
3311,259
3312,267
3313,279
3314,278
3315,100
3316,112
3317,109
3318,116
3319,130
3320,138
3321,147
3322,156
3323,175
3324,183
3325,188
3326,197
3327,204
3328,211
3329,214
3330,222
3331,230
3332,234
3333,252
3334,260
3335,273
3336,283
3337,292
3338,289
3339,118
3340,125
3341,133
3342,129
3343,146
3344,145
3345,152
3346,157
3347,164
3348,175
3349,191
3350,204
3351,211
3352,223
3353,231
3354,222
3355,236
3356,245
3357,256
3358,260
3359,268
3360,278
3361,278
3362,280
3363,103
3364,107
3365,122
3366,134
3367,142
3368,149
3369,158
3370,164
3371,174
3372,184
3373,194
3374,207
3375,212
3376,220
3377,228
3378,237
3379,246
3380,253
3381,257
3382,264
3383,272
3384,278
3385,286
3386,292
3387,115
3388,122
3389,133
3390,143
3391,151
3392,154
3393,174
3394,176
3395,180
3396,190
3397,197
3398,208
3399,215
3400,225
3401,233
3402,238
3403,243
3404,258
3405,266
3406,275
3407,275
3408,281
3409,291
3410,298
3411,120
3412,126
3413,132
3414,139
3415,147
3416,153
3417,162
3418,171
3419,181
3420,191
3421,198
3422,204
3423,213
3424,225
3425,234
3426,243
3427,245
3428,256
3429,254
3430,250
3431,265
3432,282
3433,285
3434,295
3435,119
3436,126
3437,134
3438,140
3439,148
3440,156
3441,164
3442,175
3443,180
3444,190
3445,202
3446,210
3447,217
3448,223
3449,236
3450,243
3451,253
3452,258
3453,262
3454,272
3455,280
3456,286
3457,298
3458,308
3459,115
3460,120
3461,128
3462,136
3463,142
3464,158
3465,154
3466,162
3467,170
3468,183
3469,187
3470,195
3471,198
3472,212
3473,223
3474,231
3475,239
3476,246
3477,249
3478,257
3479,268
3480,277
3481,291
3482,298
3483,119
3484,126
3485,134
3486,142
3487,147
3488,150
3489,160
3490,168
3491,174
3492,177
3493,189
3494,199
3495,210
3496,220
3497,228
3498,236
3499,247
3500,250
3501,258
3502,227
3503,266
3504,276
3505,279
3506,290
3507,116
3508,126
3509,134
3510,143
3511,149
3512,157
3513,162
3514,171
3515,179
3516,187
3517,196
3518,209
3519,216
3520,226
3521,237
3522,245
3523,250
3524,251
3525,259
3526,265
3527,273
3528,280
3529,290
3530,294
3987,126
3988,136
3989,144
3990,141
3991,145
3992,149
3993,149
3994,158
3995,165
3996,179
3997,187
3998,195
3999,199
4000,216
4001,225
4002,233
4003,245
4004,251
4005,261
4006,265
4007,275
4008,282
4009,285
4010,295
4011,111
4012,107
4013,120
4014,128
4015,144
4016,152
4017,159
4018,175
4019,177
4020,185
4021,195
4022,207
4023,210
4024,221
4025,229
4026,237
4027,244
4028,251
4029,255
4030,262
4031,266
4032,280
4033,291
4034,296
4035,122
4036,129
4037,137
4038,145
4039,156
4040,166
4041,170
4042,176
4043,181
4044,191
4045,202
4046,210
4047,210
4048,220
4049,229
4050,236
4051,242
4052,250
4053,257
4054,268
4055,278
4056,288
4057,288
4058,295
4059,123
4060,128
4061,136
4062,139
4063,150
4064,160
4065,167
4066,170
4067,183
4068,191
4069,197
4070,199
4071,212
4072,221
4073,228
4074,237
4075,246
4076,250
4077,263
4078,271
4079,278
4080,286
4081,289
4082,301
4083,126
4084,135
4085,143
4086,151
4087,159
4088,170
4089,174
4090,177
4091,186
4092,198
4093,208
4094,217
4095,225
4096,231
4097,240
4098,250
4099,258
4100,261
4101,269
4102,276
4103,279
4104,283
4105,291
4106,296
4107,119
4108,125
4109,128
4110,138
4111,146
4112,152
4113,161
4114,169
4115,184
4116,196
4117,204
4118,214
4119,224
4120,232
4121,238
4122,246
4123,256
4124,260
4125,266
4126,272
4127,278
4128,284
4129,291
4130,292
4131,100
4132,107
4133,110
4134,118
4135,126
4136,134
4137,141
4138,153
4139,164
4140,175
4141,188
4142,198
4143,210
4144,218
4145,226
4146,234
4147,239
4148,238
4149,247
4150,253
4151,259
4152,269
4153,281
4154,289
4155,100
4156,111
4157,113
4158,121
4159,138
4160,148
4161,150
4162,160
4163,175
4164,179
4165,187
4166,194
4167,202
4168,211
4169,219
4170,229
4171,242
4172,249
4173,259
4174,261
4175,271
4176,279
4177,286
4178,293
4179,114
4180,122
4181,125
4182,133
4183,146
4184,158
4185,167
4186,174
4187,181
4188,191
4189,199
4190,210
4191,219
4192,229
4193,237
4194,244
4195,251
4196,242
4197,249
4198,263
4199,277
4200,284
4201,291
4202,298
4203,117
4204,129
4205,139
4206,142
4207,155
4208,164
4209,163
4210,171
4211,177
4212,189
4213,199
4214,210
4215,217
4216,229
4217,237
4218,248
4219,256
4220,261
4221,267
4222,272
4223,279
4224,281
4225,288
4226,291
4227,113
4228,116
4229,119
4230,126
4231,141
4232,149
4233,150
4234,162
4235,176
4236,188
4237,198
4238,211
4239,219
4240,227
4241,237
4242,246
4243,253
4244,259
4245,264
4246,272
4247,280
4248,283
4249,290
4250,292
4707,133
4708,140
4709,148
4710,156
4711,164
4712,172
4713,176
4714,182
4715,194
4716,204
4717,211
4718,216
4719,225
4720,234
4721,244
4722,254
4723,258
4724,263
4725,271
4726,273
4727,280
4728,292
4729,302
4730,310
4731,128
4732,136
4733,144
4734,154
4735,157
4736,165
4737,172
4738,183
4739,189
4740,194
4741,198
4742,209
4743,224
4744,232
4745,244
4746,247
4747,258
4748,267
4749,275
4750,271
4751,280
4752,284
4753,297
4754,307
4755,131
4756,141
4757,146
4758,155
4759,166
4760,177
4761,181
4762,181
4763,190
4764,200
4765,210
4766,223
4767,227
4768,230
4769,239
4770,246
4771,259
4772,271
4773,288
4774,287
4775,293
4776,300
4777,307
4778,313
4779,141
4780,149
4781,157
4782,162
4783,170
4784,179
4785,188
4786,196
4787,205
4788,213
4789,225
4790,237
4791,240
4792,251
4793,251
4794,267
4795,275
4796,282
4797,285
4798,282
4799,295
4800,303
4801,311
4802,318
4803,125
4804,132
4805,138
4806,146
4807,156
4808,164
4809,164
4810,179
4811,189
4812,197
4813,208
4814,214
4815,223
4816,233
4817,239
4818,249
4819,257
4820,266
4821,272
4822,280
4823,285
4824,287
4825,297
4826,300
4827,123
4828,128
4829,139
4830,152
4831,155
4832,163
4833,165
4834,178
4835,183
4836,193
4837,205
4838,207
4839,214
4840,223
4841,230
4842,245
4843,253
4844,256
4845,267
4846,277
4847,280
4848,292
4849,300
4850,307
4851,129
4852,136
4853,147
4854,155
4855,162
4856,175
4857,176
4858,181
4859,191
4860,200
4861,213
4862,224
4863,232
4864,241
4865,252
4866,261
4867,266
4868,273
4869,279
4870,284
4871,290
4872,296
4873,303
4874,308
4875,131
4876,142
4877,148
4878,153
4879,159
4880,166
4881,173
4882,181
4883,193
4884,204
4885,215
4886,224
4887,234
4888,244
4889,251
4890,261
4891,272
4892,276
4893,280
4894,285
4895,290
4896,297
4897,299
4898,311
4899,128
4900,137
4901,146
4902,154
4903,162
4904,171
4905,180
4906,187
4907,197
4908,205
4909,213
4910,221
4911,230
4912,242
4913,242
4914,256
4915,266
4916,269
4917,275
4918,282
4919,288
4920,298
4921,307
4922,312
4923,138
4924,145
4925,153
4926,161
4927,164
4928,172
4929,174
4930,187
4931,187
4932,213
4933,221
4934,228
4935,246
4936,255
4937,262
4938,270
4939,278
4940,285
4941,284
4942,291
4943,300
4944,305
4945,310
4946,319
4947,141
4948,148
4949,156
4950,164
4951,168
4952,177
4953,184
4954,193
4955,202
4956,214
4957,223
4958,234
4959,243
4960,255
4961,263
4962,269
4963,279
4964,286
4965,294
4966,287
4967,302
4968,305
4969,315
4970,320
4971,127
4972,134
4973,141
4974,149
4975,155
4976,163
4977,173
4978,180
4979,189
4980,197
4981,212
4982,224
4983,235
4984,243
4985,251
4986,262
4987,270
4988,276
4989,273
4990,274
4991,282
4992,290
4993,299
4994,305
5451,148
5452,153
5453,156
5454,164
5455,174
5456,183
5457,185
5458,200
5459,206
5460,217
5461,223
5462,233
5463,243
5464,252
5465,260
5466,270
5467,279
5468,283
5469,289
5470,299
5471,307
5472,312
5473,314
5474,326
5475,133
5476,142
5477,150
5478,160
5479,167
5480,181
5481,188
5482,190
5483,197
5484,202
5485,213
5486,219
5487,228
5488,236
5489,233
5490,253
5491,259
5492,266
5493,274
5494,282
5495,291
5496,299
5497,302
5498,312
5499,137
5500,144
5501,145
5502,147
5503,163
5504,169
5505,175
5506,183
5507,191
5508,199
5509,208
5510,217
5511,230
5512,237
5513,245
5514,253
5515,261
5516,267
5517,269
5518,276
5519,277
5520,281
5521,289
5522,291
5523,110
5524,127
5525,134
5526,142
5527,149
5528,157
5529,165
5530,165
5531,174
5532,191
5533,210
5534,217
5535,225
5536,233
5537,241
5538,250
5539,257
5540,265
5541,273
5542,276
5543,280
5544,283
5545,291
5546,302
5547,122
5548,128
5549,144
5550,152
5551,160
5552,168
5553,175
5554,176
5555,191
5556,205
5557,216
5558,225
5559,235
5560,246
5561,254
5562,262
5563,268
5564,275
5565,282
5566,290
5567,296
5568,303
5569,312
5570,318
5571,142
5572,148
5573,156
5574,163
5575,175
5576,185
5577,192
5578,193
5579,199
5580,208
5581,218
5582,219
5583,226
5584,245
5585,245
5586,258
5587,266
5588,273
5589,276
5590,287
5591,298
5592,306
5593,313
5594,320
5595,143
5596,150
5597,162
5598,168
5599,178
5600,181
5601,193
5602,203
5603,210
5604,214
5605,225
5606,228
5607,234
5608,243
5609,255
5610,258
5611,272
5612,278
5613,281
5614,293
5615,301
5616,309
5617,317
5618,326
5619,150
5620,157
5621,165
5622,168
5623,176
5624,184
5625,191
5626,199
5627,207
5628,215
5629,222
5630,231
5631,233
5632,241
5633,252
5634,260
5635,268
5636,275
5637,175
5638,183
5639,201
5640,210
5641,217
5642,230
5643,238
5644,249
5645,257
5646,264
5647,268
5648,274
5649,278
5650,288
5651,291
5652,300
5653,305
5654,128
5655,129
5656,137
5657,145
5658,153
5659,163
5660,170
5661,170
5662,179
5663,186
5664,203
5665,211
5666,214
5667,226
5668,240
5669,248
5670,258
5671,260
5672,265
5673,273
5674,278
5675,286
5676,289
5677,295
5678,126
5679,131
5680,138
5681,146
5682,153
5683,161
5684,169
5685,178
5686,181
5687,198
5688,210
5689,220
5690,227
5691,240
5692,248
5693,256
5694,265
5695,267
5696,274
5697,276
5698,284
5699,294
5700,295
5701,302
5702,127
5703,134
5704,144
5705,153
5706,160
5707,168
5708,173
5709,186
5710,191
5711,205
5712,215
5713,224
5714,235
5715,244
5716,253
5717,261
5718,266
5719,271
5720,276
5721,297
5722,289
5723,298
5724,307
5725,311
6179,131
6180,139
6181,147
6182,154
6183,168
6184,171
6185,178
6186,186
6187,190
6188,198
6189,207
6190,215
6191,230
6192,238
6193,246
6194,253
6195,264
6196,276
6197,284
6198,290
6199,298
6200,306
6201,314
6202,321
6203,144
6204,149
6205,157
6206,160
6207,170
6208,178
6209,185
6210,193
6211,201
6212,212
6213,224
6214,230
6215,238
6216,244
6217,252
6218,260
6219,268
6220,269
6221,284
6222,295
6223,303
6224,323
6225,325
6226,338
6227,161
6228,163
6229,171
6230,179
6231,187
6232,195
6233,207
6234,215
6235,223
6236,225
6237,232
6238,240
6239,244
6240,252
6241,260
6242,266
6243,272
6244,281
6245,292
6246,302
6247,311
6248,318
6249,335
6250,334
6251,149
6252,162
6253,170
6254,178
6255,180
6256,188
6257,195
6258,197
6259,205
6260,221
6261,229
6262,237
6263,236
6264,250
6265,258
6266,260
6267,268
6268,287
6269,300
6270,302
6271,311
6272,324
6273,327
6274,319
6275,148
6276,148
6277,156
6278,169
6279,175
6280,178
6281,185
6282,191
6283,202
6284,215
6285,223
6286,229
6287,236
6288,250
6289,251
6290,259
6291,269
6292,279
6293,289
6294,300
6295,304
6296,312
6297,319
6298,324
6299,131
6300,138
6301,148
6302,156
6303,164
6304,175
6305,177
6306,193
6307,195
6308,205
6309,213
6310,218
6311,225
6312,231
6313,241
6314,249
6315,262
6316,267
6317,275
6318,288
6319,296
6320,307
6321,310
6322,317
6323,140
6324,142
6325,150
6326,163
6327,171
6328,174
6329,186
6330,194
6331,202
6332,209
6333,217
6334,225
6335,227
6336,233
6337,248
6338,252
6339,262
6340,271
6341,281
6342,289
6343,300
6344,308
6345,317
6346,324
6347,147
6348,154
6349,162
6350,165
6351,167
6352,175
6353,188
6354,196
6355,203
6356,205
6357,217
6358,229
6359,236
6360,235
6361,245
6362,254
6363,263
6364,275
6365,281
6366,289
6367,289
6368,300
6369,312
6370,319
6371,143
6372,150
6373,158
6374,169
6375,174
6376,185
6377,186
6378,194
6379,201
6380,209
6381,223
6382,227
6383,232
6384,243
6385,249
6386,261
6387,269
6388,276
6389,275
6390,283
6391,284
6392,296
6393,315
6394,330
6395,153
6396,160
6397,168
6398,171
6399,171
6400,179
6401,186
6402,199
6403,203
6404,208
6405,215
6406,216
6407,231
6408,234
6409,246
6410,252
6411,259
6412,266
6413,267
6414,272
6415,276
6416,294
6417,303
6418,308
6419,133
6420,138
6421,148
6422,156
6423,164
6424,172
6425,179
6426,187
6427,195
6428,205
6429,206
6430,220
6431,222
6432,232
6433,235
6434,249
6435,252
6436,259
6437,269
6438,273
6439,281
6440,288
6441,296
6442,303
6898,148
6899,153
6900,161
6901,160
6902,168
6903,174
6904,176
6905,179
6906,187
6907,195
6908,203
6909,212
6910,217
6911,226
6912,228
6913,237
6914,245
6915,251
6916,257
6917,270
6918,273
6919,284
6920,292
6921,298
6922,120
6923,127
6924,134
6925,147
6926,155
6927,162
6928,170
6929,178
6930,182
6931,186
6932,202
6933,213
6934,220
6935,227
6936,238
6937,244
6938,252
6939,251
6940,258
6941,266
6942,274
6943,285
6944,292
6945,299
6946,123
6947,130
6948,138
6949,146
6950,153
6951,161
6952,167
6953,180
6954,188
6955,197
6956,201
6957,209
6958,221
6959,231
6960,233
6961,247
6962,255
6963,260
6964,266
6965,278
6966,283
6967,292
6968,300
6969,306
6970,112
6971,119
6972,127
6973,132
6974,140
6975,146
6976,156
6977,166
6978,180
6979,184
6980,192
6981,205
6982,214
6983,223
6984,231
6985,238
6986,247
6987,254
6988,262
6989,269
6990,273
6991,281
6992,288
6993,295
6994,118
6995,125
6996,134
6997,141
6998,149
6999,155
7000,165
7001,167
7002,178
7003,188
7004,198
7005,207
7006,216
7007,225
7008,233
7009,248
7010,254
7011,260
7012,268
7013,265
7014,284
7015,290
7016,297
7017,302
7018,123
7019,130
7020,137
7021,144
7022,149
7023,157
7024,163
7025,172
7026,183
7027,191
7028,200
7029,210
7030,216
7031,227
7032,236
7033,243
7034,251
7035,258
7036,262
7037,273
7038,278
7039,285
7040,294
7041,300
7042,124
7043,130
7044,138
7045,146
7046,152
7047,160
7048,167
7049,175
7050,180
7051,192
7052,204
7053,217
7054,218
7055,226
7056,240
7057,248
7058,256
7059,263
7060,276
7061,283
7062,292
7063,295
7064,301
7065,308
7066,135
7067,142
7068,139
7069,147
7070,156
7071,164
7072,172
7073,184
7074,187
7075,202
7076,205
7077,213
7078,220
7079,234
7080,244
7081,252
7082,262
7083,260
7084,265
7085,268
7086,278
7087,282
7088,299
7089,301
7090,123
7091,128
7092,136
7093,143
7094,149
7095,151
7096,161
7097,169
7098,179
7099,188
7100,198
7101,204
7102,199
7103,207
7104,221
7105,231
7106,237
7107,245
7108,254
7109,261
7110,266
7111,272
7112,282
7113,294
7114,117
7115,127
7116,135
7117,141
7118,149
7119,159
7120,164
7121,172
7122,179
7123,187
7124,198
7125,206
7126,211
7127,219
7128,227
7129,229
7130,240
7131,247
7132,255
7133,274
7134,282
7135,290
7136,293
7137,297
7138,107
7139,114
7140,122
7141,131
7142,139
7143,147
7144,151
7145,147
7146,166
7147,177
7148,180
7149,194
7150,196
7151,205
7152,213
7153,220
7154,227
7155,233
7156,244
7157,273
7158,256
7159,265
7160,273
7161,279
7162,102
7163,107
7164,114
7165,128
7166,130
7167,138
7168,145
7169,155
7170,161
7171,177
7172,184
7173,194
7174,201
7175,207
7176,216
7177,229
7178,236
7179,243
7180,253
7181,261
7182,269
7183,276
7184,284
7185,291
7642,118
7643,126
7644,134
7645,139
7646,148
7647,157
7648,164
7649,177
7650,181
7651,197
7652,200
7653,213
7654,220
7655,232
7656,244
7657,248
7658,255
7659,262
7660,272
7661,277
7662,287
7663,293
7664,295
7665,302
7666,133
7667,134
7668,142
7669,150
7670,158
7671,172
7672,176
7673,187
7674,195
7675,206
7676,216
7677,224
7678,226
7679,234
7680,242
7681,242
7682,250
7683,254
7684,260
7685,268
7686,274
7687,282
7688,290
7689,297
7690,119
7691,129
7692,136
7693,144
7694,150
7695,158
7696,171
7697,173
7698,181
7699,192
7700,200
7701,208
7702,217
7703,227
7704,235
7705,244
7706,252
7707,261
7708,269
7709,277
7710,293
7711,301
7712,312
7713,317
7714,141
7715,148
7716,152
7717,160
7718,169
7719,177
7720,184
7721,194
7722,203
7723,216
7724,224
7725,222
7726,227
7727,225
7728,235
7729,238
7730,246
7731,247
7732,260
7733,270
7734,286
7735,296
7736,302
7737,309
7738,122
7739,132
7740,136
7741,139
7742,146
7743,154
7744,161
7745,171
7746,178
7747,189
7748,196
7749,206
7750,216
7751,227
7752,236
7753,244
7754,253
7755,258
7756,263
7757,270
7758,286
7759,292
7760,300
7761,303
7762,133
7763,134
7764,142
7765,148
7766,156
7767,158
7768,171
7769,173
7770,187
7771,195
7772,212
7773,218
7774,227
7775,238
7776,247
7777,254
7778,260
7779,266
7780,272
7781,282
7782,285
7783,292
7784,300
7785,309
7786,133
7787,138
7788,145
7789,150
7790,158
7791,167
7792,169
7793,184
7794,193
7795,203
7796,212
7797,219
7798,228
7799,239
7800,243
7801,251
7802,256
7803,263
7804,270
7805,279
7806,285
7807,296
7808,302
7809,313
7810,120
7811,127
7812,132
7813,142
7814,153
7815,167
7816,169
7817,178
7818,188
7819,199
7820,207
7821,218
7822,228
7823,237
7824,241
7825,249
7826,261
7827,267
7828,272
7829,279
7830,288
7831,295
7832,304
7833,311
7834,133
7835,140
7836,157
7837,164
7838,168
7839,176
7840,185
7841,190
7842,199
7843,209
7844,219
7845,234
7846,238
7847,242
7848,260
7849,266
7850,274
7851,282
7852,290
7853,293
7854,302
7855,310
7856,317
7857,145
7858,152
7859,153
7860,161
7861,171
7862,182
7863,191
7864,197
7865,207
7866,206
7867,214
7868,218
7869,214
7870,220
7871,231
7872,237
7873,245
7874,258
7875,265
7876,273
7877,279
7878,287
7879,299
7880,311
7881,130
7882,139
7883,140
7884,148
7885,158
7886,165
7887,169
7888,175
7889,188
7890,197
7891,207
7892,207
7893,216
7894,214
7895,222
7896,243
7897,251
7898,253
7899,266
7900,267
7901,275
7902,290
7903,297
7904,299
8361,130
8362,133
8363,135
8364,143
8365,155
8366,161
8367,168
8368,177
8369,190
8370,195
8371,207
8372,214
8373,224
8374,232
8375,241
8376,248
8377,261
8378,265
8379,272
8380,280
8381,286
8382,297
8383,297
8384,304
8385,154
8386,160
8387,166
8388,174
8389,182
8390,196
8391,202
8392,213
8393,214
8394,231
8395,248
8396,256
8397,255
8398,263
8399,280
8400,288
8401,289
8402,296
8403,310
8404,323
8405,331
8406,342
8407,350
8408,357
8409,174
8410,182
8411,192
8412,190
8413,195
8414,203
8415,209
8416,216
8417,220
8418,230
8419,240
8420,251
8421,256
8422,264
8423,272
8424,282
8425,288
8426,294
8427,300
8428,308
8429,310
8430,318
8431,329
8432,336
8433,159
8434,166
8435,173
8436,181
8437,189
8438,212
8439,212
8440,220
8441,229
8442,234
8443,240
8444,247
8445,253
8446,260
8447,269
8448,274
8449,281
8450,293
8451,303
8452,306
8453,317
8454,325
8455,332
8456,336
8457,159
8458,159
8459,170
8460,179
8461,189
8462,197
8463,204
8464,222
8465,224
8466,230
8467,240
8468,246
8469,252
8470,263
8471,271
8472,274
8473,280
8474,283
8475,290
8476,301
8477,309
8478,320
8479,314
8480,329
8481,143
8482,148
8483,151
8484,155
8485,175
8486,182
8487,195
8488,203
8489,218
8490,230
8491,234
8492,248
8493,254
8494,261
8495,266
8496,273
8497,281
8498,290
8499,291
8500,296
8501,308
8502,317
8503,320
8504,140
8505,149
8506,161
8507,180
8508,186
8509,189
8510,194
8511,199
8512,219
8513,228
8514,238
8515,244
8516,241
8517,249
8518,257
8519,273
8520,278
8521,278
8522,289
8523,295
8524,299
8525,307
8526,320
8527,150
8528,154
8529,162
8530,170
8531,179
8532,190
8533,196
8534,202
8535,207
8536,209
8537,223
8538,225
8539,234
8540,247
8541,262
8542,270
8543,282
8544,284
8545,300
8546,309
8547,314
8548,320
8549,328
8550,338
8551,162
8552,166
8553,172
8554,180
8555,198
8556,202
8557,210
8558,221
8559,226
8560,236
8561,244
8562,254
8563,259
8564,262
8565,269
8566,275
8567,277
8568,289
8569,292
8570,300
8571,304
8572,309
8573,322
8574,138
8575,153
8576,153
8577,168
8578,173
8579,178
8580,181
8581,194
8582,193
8583,210
8584,221
8585,227
8586,236
8587,244
8588,249
8589,260
8590,276
8591,286
8592,293
8593,298
8594,308
8595,310
8596,324
8597,334
8598,156
8599,156
8600,166
8601,174
8602,182
8603,186
8604,197
8605,206
8606,209
8607,219
8608,238
8609,246
8610,247
8611,257
8612,262
8613,276
8614,285
8615,289
8616,303
8617,305
8618,310
8619,321
8620,330
8621,342
8622,157
8623,167
8624,175
8625,183
8626,196
8627,205
8628,209
8629,210
8630,231
8631,237
8632,248
8633,256
8634,266
8635,272
8636,278
8637,285
8638,292
8639,297
8640,305
8641,313
8642,321
8643,328
8644,334
8645,341
9099,125
9100,128
9101,136
9102,142
9103,151
9104,159
9105,177
9106,183
9107,189
9108,195
9109,194
9110,198
9111,206
9112,218
9113,222
9114,227
9115,233
9116,235
9117,244
9118,253
9119,260
9120,269
9121,283
9122,290
9123,114
9124,121
9125,119
9126,135
9127,143
9128,154
9129,166
9130,174
9131,191
9132,199
9133,201
9134,207
9135,217
9136,228
9137,230
9138,238
9139,255
9140,262
9141,268
9142,279
9143,284
9144,298
9145,298
9146,304
9147,119
9148,119
9149,127
9150,134
9151,139
9152,142
9153,155
9154,163
9155,171
9156,179
9157,190
9158,191
9159,204
9160,206
9161,217
9162,228
9163,236
9164,237
9165,241
9166,249
9167,260
9168,265
9169,278
9170,288
9171,103
9172,116
9173,124
9174,126
9175,134
9176,144
9177,151
9178,153
9179,170
9180,181
9181,185
9182,199
9183,203
9184,208
9185,222
9186,241
9187,246
9188,251
9189,261
9190,272
9191,282
9192,293
9193,301
9194,308
9195,133
9196,140
9197,148
9198,150
9199,158
9200,166
9201,176
9202,181
9203,189
9204,195
9205,210
9206,221
9207,228
9208,236
9209,245
9210,244
9211,257
9212,265
9213,269
9214,279
9215,280
9216,291
9217,297
9218,303
9219,125
9220,139
9221,144
9222,151
9223,161
9224,169
9225,174
9226,182
9227,189
9228,197
9229,206
9230,213
9231,216
9232,227
9233,232
9234,240
9235,253
9236,263
9237,267
9238,265
9239,284
9240,285
9241,296
9242,292
9243,124
9244,125
9245,142
9246,144
9247,154
9248,163
9249,166
9250,177
9251,185
9252,193
9253,207
9254,214
9255,226
9256,230
9257,241
9258,251
9259,257
9260,266
9261,274
9262,282
9263,292
9264,298
9265,310
9266,315
9267,138
9268,146
9269,163
9270,166
9271,174
9272,182
9273,191
9274,199
9275,207
9276,215
9277,225
9278,237
9279,244
9280,249
9281,255
9282,260
9283,263
9284,267
9285,273
9286,285
9287,294
9288,305
9289,308
9290,313
9291,133
9292,137
9293,137
9294,148
9295,162
9296,168
9297,168
9298,175
9299,188
9300,193
9301,209
9302,218
9303,229
9304,240
9305,242
9306,252
9307,261
9308,268
9309,275
9310,278
9311,287
9312,297
9313,301
9314,305
9315,114
9316,122
9317,126
9318,130
9319,133
9320,145
9321,146
9322,156
9323,163
9324,172
9325,184
9326,195
9327,206
9328,214
9329,222
9330,235
9331,242
9332,249
9333,258
9334,262
9335,271
9336,278
9337,288
9338,296
9339,113
9340,132
9341,133
9342,138
9343,139
9344,147
9345,158
9346,166
9347,172
9348,180
9349,189
9350,198
9351,210
9352,216
9353,218
9354,229
9355,239
9356,248
9357,254
9358,261
9359,270
9360,279
9361,289
9362,298
9363,120
9364,130
9365,135
9366,144
9367,153
9368,161
9369,166
9370,175
9371,180
9372,193
9373,197
9374,208
9375,217
9376,229
9377,240
9378,252
9379,260
9380,267
9381,275
9382,279
9383,284
9384,292
9385,298
9386,306
9842,122
9843,129
9844,137
9845,149
9846,162
9847,174
9848,173
9849,185
9850,193
9851,202
9852,213
9853,215
9854,225
9855,230
9856,243
9857,243
9858,252
9859,266
9860,274
9861,279
9862,284
9863,291
9864,293
9865,123
9866,128
9867,134
9868,149
9869,156
9870,164
9871,172
9872,185
9873,194
9874,212
9875,218
9876,226
9877,240
9878,243
9879,256
9880,264
9881,262
9882,270
9883,287
9884,294
9885,301
9886,307
9887,319
9888,143
9889,145
9890,160
9891,164
9892,174
9893,177
9894,189
9895,194
9896,199
9897,208
9898,218
9899,231
9900,235
9901,243
9902,254
9903,262
9904,272
9905,280
9906,281
9907,287
9908,294
9909,303
9910,310
9911,317
9912,140
9913,150
9914,159
9915,163
9916,180
9917,188
9918,199
9919,205
9920,212
9921,224
9922,226
9923,236
9924,243
9925,253
9926,263
9927,270
9928,280
9929,284
9930,294
9931,297
9932,302
9933,310
9934,319
9935,326
9936,145
9937,158
9938,157
9939,178
9940,185
9941,188
9942,195
9943,200
9944,205
9945,215
9946,220
9947,231
9948,239
9949,247
9950,259
9951,260
9952,268
9953,279
9954,293
9955,302
9956,307
9957,304
9958,311
9959,315
9960,148
9961,154
9962,158
9963,167
9964,174
9965,177
9966,184
9967,198
9968,205
9969,205
9970,225
9971,231
9972,237
9973,243
9974,253
9975,258
9976,268
9977,273
9978,282
9979,290
9980,297
9981,300
9982,312
9983,320
9984,124
9985,132
9986,140
9987,144
9988,152
9989,159
9990,169
9991,176
9992,181
9993,191
9994,199
9995,212
9996,215
9997,221
9998,230
9999,243
10000,255
10001,259
10002,268
10003,273
10004,281
10005,288
10006,298
10007,305
10008,132
10009,137
10010,153
10011,153
10012,161
10013,169
10014,178
10015,183
10016,188
10017,199
10018,209
10019,222
10020,223
10021,233
10022,245
10023,258
10024,268
10025,275
10026,282
10027,287
10028,295
10029,300
10030,309
10031,315
10032,139
10033,143
10034,152
10035,153
10036,166
10037,174
10038,180
10039,185
10040,192
10041,201
10042,211
10043,218
10044,225
10045,229
10046,238
10047,247
10048,256
10049,262
10050,271
10051,278
10052,286
10053,294
10054,302
10055,315
10056,133
10057,138
10058,153
10059,156
10060,171
10061,175
10062,186
10063,194
10064,201
10065,209
10066,222
10067,233
10068,252
10069,260
10070,261
10071,263
10072,277
10073,279
10074,293
10075,297
10076,305
10077,315
10078,322
10534,169
10535,181
10536,189
10537,192
10538,198
10539,208
10540,215
10541,217
10542,229
10543,239
10544,252
10545,264
10546,269
10547,277
10548,276
10549,285
10550,297
10551,304
10552,311
10553,323
10554,329
10555,337
10556,343
10557,350
10558,168
10559,174
10560,180
10561,183
10562,191
10563,199
10564,206
10565,208
10566,216
10567,230
10568,240
10569,248
10570,255
10571,265
10572,274
10573,282
10574,296
10575,299
10576,307
10577,310
10578,326
10579,333
10580,339
10581,346
10582,169
10583,176
10584,184
10585,192
10586,195
10587,203
10588,210
10589,218
10590,226
10591,234
10592,244
10593,253
10594,260
10595,275
10596,279
10597,288
10598,300
10599,309
10600,317
10601,324
10602,331
10603,338
10604,346
10605,353
10606,176
10607,181
10608,189
10609,195
10610,197
10611,205
10612,210
10613,220
10614,228
10615,238
10616,250
10617,258
10618,266
10619,275
10620,286
10621,294
10622,302
10623,309
10624,321
10625,323
10626,330
10627,329
10628,338
10629,350
10630,176
10631,183
10632,189
10633,197
10634,205
10635,208
10636,215
10637,221
10638,231
10639,239
10640,248
10641,255
10642,259
10643,267
10644,273
10645,280
10646,288
10647,293
10648,298
10649,306
10650,314
10651,322
10652,330
10653,341
10654,148
10655,154
10656,156
10657,162
10658,176
10659,184
10660,191
10661,197
10662,205
10663,213
10664,219
10665,229
10666,236
10667,244
10668,255
10669,263
10670,278
10671,285
10672,293
10673,301
10674,309
10675,317
10676,324
10677,334
10678,152
10679,164
10680,170
10681,177
10682,183
10683,189
10684,195
10685,202
10686,207
10687,213
10688,222
10689,227
10690,235
10691,241
10692,251
10693,257
10694,264
10695,268
10696,274
10697,279
10698,285
10699,290
10700,305
10701,315
10702,133
10703,138
10704,146
10705,154
10706,159
10707,164
10708,168
10709,176
10710,187
10711,197
10712,204
10713,213
10714,222
10715,234
10716,240
10717,249
10718,257
10719,265
10720,271
10721,279
10722,287
10723,300
10724,308
10725,315
10726,143
10727,152
10728,160
10729,166
10730,175
10731,183
10732,191
10733,199
10734,200
10735,210
10736,224
10737,237
10738,243
10739,261
10740,265
10741,269
10742,272
10743,293
10744,301
10745,305
10746,313
10747,331
10748,338
10749,343
10750,166
10751,174
10752,168
10753,182
10754,185
10755,193
10756,200
10757,205
10758,212
10759,223
10760,228
10761,240
10762,246
10763,250
10764,262
10765,272
10766,279
10767,287
10768,292
10769,298
10770,303
10771,311
10772,316
10773,324
10774,145
10775,150
10776,166
10777,170
10778,173
10779,181
10780,187
10781,198
10782,209
10783,216
10784,219
10785,223
10786,232
10787,236
10788,245
10789,255
10790,263
10791,276
10792,289
10793,297
10794,305
10795,312
10796,325
10797,326
10798,156
10799,159
10800,169
10801,182
10802,190
10803,198
10804,202
10805,210
10806,218
10807,222
10808,230
10809,248
10810,257
10811,270
10812,269
10813,279
10814,285
10815,296
10816,295
10817,305
10818,306
10819,314
10820,319
10821,335
11276,171
11277,180
11278,187
11279,195
11280,202
11281,210
11282,215
11283,225
11284,236
11285,244
11286,254
11287,264
11288,272
11289,273
11290,287
11291,296
11292,308
11293,311
11294,314
11295,318
11296,336
11297,345
11298,350
11299,356
11300,182
11301,189
11302,197
11303,204
11304,212
11305,220
11306,227
11307,235
11308,245
11309,254
11310,257
11311,269
11312,278
11313,290
11314,303
11315,311
11316,318
11317,325
11318,324
11319,323
11320,326
11321,334
11322,351
11323,350
11324,157
11325,164
11326,173
11327,178
11328,184
11329,192
11330,197
11331,198
11332,206
11333,214
11334,219
11335,228
11336,235
11337,242
11338,251
11339,259
11340,267
11341,286
11342,294
11343,300
11344,307
11345,313
11346,324
11347,329
11348,149
11349,158
11350,167
11351,173
11352,173
11353,181
11354,197
11355,196
11356,211
11357,219
11358,225
11359,236
11360,239
11361,246
11362,255
11363,266
11364,270
11365,278
11366,278
11367,299
11368,302
11369,314
11370,323
11371,330
11372,145
11373,153
11374,169
11375,180
11376,183
11377,191
11378,198
11379,207
11380,215
11381,218
11382,228
11383,236
11384,245
11385,255
11386,262
11387,270
11388,278
11389,287
11390,291
11391,299
11392,306
11393,308
11394,321
11395,326
11396,153
11397,158
11398,165
11399,174
11400,183
11401,188
11402,195
11403,204
11404,220
11405,225
11406,240
11407,247
11408,255
11409,265
11410,272
11411,281
11412,287
11413,294
11414,302
11415,310
11416,319
11417,331
11418,336
11419,338
11420,163
11421,165
11422,175
11423,183
11424,193
11425,202
11426,209
11427,214
11428,222
11429,231
11430,247
11431,255
11432,267
11433,272
11434,283
11435,291
11436,299
11437,311
11438,314
11439,322
11440,335
11441,343
11442,351
11443,356
11444,178
11445,178
11446,184
11447,183
11448,187
11449,195
11450,200
11451,207
11452,218
11453,226
11454,235
11455,243
11456,251
11457,259
11458,267
11459,281
11460,289
11461,297
11462,303
11463,309
11464,313
11465,320
11466,326
11467,332
11468,154
11469,170
11470,173
11471,182
11472,187
11473,195
11474,202
11475,210
11476,215
11477,217
11478,226
11479,234
11480,242
11481,251
11482,266
11483,275
11484,280
11485,285
11486,287
11487,303
11488,312
11489,319
11490,333
11491,338
11492,144
11493,157
11494,164
11495,175
11496,183
11497,187
11498,200
11499,203
11500,212
11501,221
11502,230
11503,238
11504,246
11505,256
11506,266
11507,278
11508,279
11509,291
11510,293
11511,308
11512,315
11513,323
11514,327
11515,337
11516,158
11517,164
11518,170
11519,178
11520,178
11521,186
11522,192
11523,201
11524,207
11525,210
11526,219
11527,231
11528,239
11529,253
11530,264
11531,275
11532,295
11533,302
11534,305
11535,311
11536,316
11537,324
11538,330
11539,337
11996,177
11997,181
11998,189
11999,196
12000,205
12001,211
12002,216
12003,228
12004,238
12005,236
12006,256
12007,264
12008,273
12009,288
12010,298
12011,299
12012,315
12013,323
12014,328
12015,334
12016,342
12017,351
12018,357
12019,352
12020,178
12021,185
12022,193
12023,205
12024,207
12025,215
12026,222
12027,230
12028,238
12029,246
12030,256
12031,272
12032,279
12033,281
12034,289
12035,302
12036,310
12037,318
12038,330
12039,339
12040,345
12041,347
12042,354
12043,366
12044,190
12045,192
12046,200
12047,208
12048,215
12049,217
12050,224
12051,232
12052,246
12053,258
12054,261
12055,269
12056,278
12057,288
12058,296
12059,312
12060,317
12061,327
12062,332
12063,341
12064,348
12065,354
12066,361
12067,368
12068,193
12069,203
12070,206
12071,214
12072,213
12073,220
12074,238
12075,247
12076,255
12077,258
12078,271
12079,281
12080,284
12081,293
12082,305
12083,310
12084,312
12085,315
12086,323
12087,341
12088,349
12089,357
12090,365
12091,375
12092,198
12093,209
12094,217
12095,220
12096,228
12097,236
12098,243
12099,252
12100,256
12101,264
12102,272
12103,282
12104,292
12105,301
12106,312
12107,320
12108,328
12109,335
12110,340
12111,348
12112,349
12113,354
12114,368
12115,375
12116,202
12117,209
12118,212
12119,224
12120,232
12121,240
12122,247
12123,255
12124,267
12125,275
12126,283
12127,291
12128,296
12129,308
12130,315
12131,323
12132,334
12133,338
12134,346
12135,355
12136,359
12137,367
12138,373
12139,384
12140,211
12141,218
12142,228
12143,232
12144,240
12145,244
12146,255
12147,258
12148,268
12149,281
12150,286
12151,292
12152,302
12153,309
12154,317
12155,325
12156,335
12157,339
12158,344
12159,352
12160,359
12161,363
12162,378
12163,385
12164,186
12165,197
12166,203
12167,211
12168,222
12169,230
12170,237
12171,249
12172,259
12173,266
12174,270
12175,278
12176,288
12177,295
12178,303
12179,315
12180,323
12181,329
12182,334
12183,342
12184,350
12185,342
12186,352
12187,359
12188,189
12189,186
12190,202
12191,206
12192,213
12193,221
12194,229
12195,238
12196,249
12197,259
12198,267
12199,276
12200,286
12201,291
12202,299
12203,311
12204,319
12205,326
12206,332
12207,341
12208,349
12209,356
12210,366
12211,368
12212,198
12213,205
12214,214
12215,221
12216,229
12217,237
12218,244
12219,252
12220,258
12221,267
12222,278
12223,285
12224,292
12225,302
12226,310
12227,317
12228,325
12229,335
12230,340
12231,350
12232,340
12233,350
12234,366
12235,372
12236,195
12237,202
12238,211
12239,214
12240,228
12241,227
12242,232
12243,234
12244,244
12245,253
12246,261
12247,275
12248,289
12249,296
12250,306
12251,314
12252,322
12253,334
12254,342
12255,346
12256,332
12257,358
12258,368
12259,373
12260,196
12261,203
12262,209
12263,213
12264,221
12265,229
12266,235
12267,237
12268,245
12269,261
12270,274
12271,284
12272,291
12273,304
12274,313
12275,322
12276,330
12277,336
12278,342
12279,345
12280,348
12281,356
12282,364
12283,372
12740,211
12741,218
12742,228
12743,236
12744,244
12745,252
12746,257
12747,267
12748,268
12749,273
12750,292
12751,301
12752,311
12753,321
12754,329
12755,339
12756,347
12757,355
12758,363
12759,371
12760,377
12761,384
12762,388
12763,391
12764,208
12765,212
12766,220
12767,226
12768,238
12769,246
12770,248
12771,256
12772,270
12773,277
12774,288
12775,300
12776,310
12777,318
12778,327
12779,336
12780,342
12781,350
12782,354
12783,363
12784,371
12785,373
12786,376
12787,385
12788,204
12789,214
12790,225
12791,233
12792,234
12793,243
12794,250
12795,263
12796,272
12797,278
12798,289
12799,296
12800,305
12801,318
12802,326
12803,336
12804,346
12805,343
12806,344
12807,353
12808,361
12809,356
12810,377
12811,378
12812,214
12813,218
12814,224
12815,232
12816,240
12817,248
12818,260
12819,268
12820,270
12821,277
12822,289
12823,300
12824,308
12825,319
12826,325
12827,339
12828,348
12829,350
12830,358
12831,364
12832,371
12833,377
12834,384
12835,387
12836,191
12837,191
12838,198
12839,208
12840,216
12841,223
12842,234
12843,244
12844,255
12845,263
12846,276
12847,284
12848,297
12849,305
12850,317
12851,327
12852,333
12853,340
12854,344
12855,350
12856,359
12857,363
12858,369
12859,377
12860,195
12861,204
12862,214
12863,219
12864,230
12865,234
12866,243
12867,249
12868,256
12869,267
12870,279
12871,289
12872,289
12873,296
12874,313
12875,322
12876,330
12877,338
12878,339
12879,345
12880,348
12881,351
12882,353
12883,357
12884,174
12885,176
12886,194
12887,199
12888,207
12889,214
12890,222
12891,230
12892,242
12893,252
12894,254
12895,266
12896,278
12897,293
12898,301
12899,310
12900,320
12901,325
12902,333
12903,341
12904,348
12905,351
12906,357
12907,355
12908,179
12909,182
12910,198
12911,208
12912,205
12913,214
12914,231
12915,229
12916,242
12917,260
12918,275
12919,289
12920,297
12921,310
12922,320
12923,325
12924,339
12925,346
12926,349
12927,355
12928,361
12929,368
12930,371
12931,373
12932,195
12933,203
12934,210
12935,218
12936,221
12937,225
12938,232
12939,244
12940,257
12941,271
12942,285
12943,298
12944,311
12945,319
12946,330
12947,338
12948,348
12949,354
12950,361
12951,365
12952,369
12953,372
12954,379
12955,386
12956,209
12957,217
12958,221
12959,229
12960,237
12961,244
12962,246
12963,259
12964,265
12965,280
12966,295
12967,296
12968,302
12969,320
12970,326
12971,334
12972,342
12973,352
12974,365
12975,359
12976,367
12977,370
12978,364
12979,371
12980,205
12981,212
12982,226
12983,234
12984,243
12985,255
12986,262
12987,270
12988,278
12989,286
12990,302
12991,310
12992,317
12993,325
12994,333
12995,341
12996,351
12997,356
12998,362
12999,368
13000,370
13001,378
13002,384
13003,391
13460,214
13461,232
13462,235
13463,243
13464,251
13465,259
13466,266
13467,274
13468,276
13469,283
13470,291
13471,290
13472,301
13473,309
13474,317
13475,331
13476,339
13477,352
13478,353
13479,364
13480,366
13481,368
13482,382
13483,389
13484,207
13485,220
13486,224
13487,232
13488,234
13489,242
13490,249
13491,263
13492,270
13493,278
13494,281
13495,297
13496,298
13497,306
13498,324
13499,326
13500,334
13501,341
13502,355
13503,363
13504,365
13505,379
13506,387
13507,394
13508,201
13509,208
13510,216
13511,224
13512,237
13513,245
13514,245
13515,253
13516,262
13517,267
13518,276
13519,284
13520,295
13521,301
13522,314
13523,322
13524,333
13525,340
13526,348
13527,354
13528,361
13529,371
13530,377
13531,386
13532,216
13533,223
13534,227
13535,235
13536,243
13537,251
13538,253
13539,264
13540,270
13541,274
13542,283
13543,293
13544,300
13545,308
13546,314
13547,327
13548,337
13549,344
13550,354
13551,360
13552,366
13553,374
13554,383
13555,386
13556,209
13557,218
13558,228
13559,236
13560,244
13561,252
13562,259
13563,263
13564,275
13565,284
13566,291
13567,295
13568,301
13569,310
13570,318
13571,330
13572,337
13573,346
13574,352
13575,360
13576,368
13577,376
13578,384
13579,391
13580,212
13581,217
13582,223
13583,230
13584,236
13585,244
13586,251
13587,257
13588,270
13589,279
13590,293
13591,302
13592,309
13593,319
13594,328
13595,335
13596,344
13597,352
13598,359
13599,364
13600,372
13601,375
13602,382
13603,386
13604,209
13605,216
13606,226
13607,234
13608,243
13609,251
13610,262
13611,268
13612,271
13613,280
13614,296
13615,298
13616,310
13617,320
13618,328
13619,336
13620,352
13621,353
13622,362
13623,369
13624,377
13625,382
13626,390
13627,394
13628,217
13629,224
13630,233
13631,239
13632,249
13633,258
13634,264
13635,271
13636,280
13637,290
13638,303
13639,311
13640,315
13641,326
13642,334
13643,343
13644,350
13645,358
13646,363
13647,369
13648,375
13649,383
13650,391
13651,397
13652,223
13653,227
13654,235
13655,243
13656,252
13657,260
13658,267
13659,274
13660,284
13661,292
13662,302
13663,317
13664,322
13665,330
13666,340
13667,351
13668,356
13669,358
13670,368
13671,370
13672,379
13673,385
13674,393
13675,402
13676,214
13677,216
13678,218
13679,225
13680,231
13681,238
13682,247
13683,256
13684,267
13685,273
13686,287
13687,295
13688,302
13689,310
13690,321
13691,328
13692,336
13693,345
13694,353
13695,357
13696,364
13697,370
13698,379
13699,386
13700,207
13701,214
13702,222
13703,234
13704,242
13705,250
13706,257
13707,263
13708,263
13709,276
13710,283
13711,292
13712,297
13713,312
13714,320
13715,328
13716,336
13717,343
13718,349
13719,360
13720,364
13721,372
13722,374
13723,386
13724,211
13725,220
13726,228
13727,236
13728,244
13729,252
13730,262
13731,266
13732,273
13733,280
13734,287
13735,297
13736,309
13737,313
13738,321
13739,329
13740,336
13741,347
13742,353
13743,350
13744,356
13745,375
13746,381
13747,387
14204,209
14205,221
14206,229
14207,241
14208,240
14209,248
14210,250
14211,260
14212,267
14213,277
14214,285
14215,298
14216,299
14217,316
14218,325
14219,333
14220,341
14221,347
14222,346
14223,354
14224,367
14225,378
14226,381
14227,388
14228,211
14229,218
14230,224
14231,235
14232,243
14233,250
14234,257
14235,265
14236,273
14237,284
14238,291
14239,302
14240,311
14241,324
14242,333
14243,341
14244,349
14245,355
14246,358
14247,349
14248,371
14249,379
14250,391
14251,397
14252,221
14253,223
14254,231
14255,239
14256,247
14257,253
14258,261
14259,270
14260,280
14261,289
14262,299
14263,308
14264,319
14265,328
14266,335
14267,344
14268,338
14269,345
14270,345
14271,363
14272,374
14273,382
14274,390
14275,406
14276,224
14277,230
14278,238
14279,246
14280,254
14281,262
14282,266
14283,272
14284,279
14285,291
14286,305
14287,315
14288,325
14289,335
14290,341
14291,349
14292,354
14293,360
14294,367
14295,370
14296,379
14297,387
14298,387
14299,395
14300,218
14301,224
14302,238
14303,245
14304,248
14305,265
14306,266
14307,275
14308,281
14309,291
14310,304
14311,312
14312,318
14313,330
14314,342
14315,343
14316,351
14317,357
14318,359
14319,369
14320,377
14321,384
14322,392
14323,399
14324,223
14325,230
14326,237
14327,249
14328,252
14329,259
14330,270
14331,278
14332,284
14333,293
14334,302
14335,308
14336,310
14337,323
14338,322
14339,337
14340,347
14341,354
14342,361
14343,372
14344,373
14345,392
14346,400
14347,402
14348,222
14349,229
14350,232
14351,240
14352,248
14353,261
14354,264
14355,276
14356,279
14357,287
14358,296
14359,304
14360,296
14361,307
14362,331
14363,328
14364,336
14365,354
14366,357
14367,365
14368,378
14369,384
14370,390
14371,393
14372,216
14373,227
14374,235
14375,243
14376,247
14377,259
14378,266
14379,275
14380,283
14381,291
14382,294
14383,306
14384,313
14385,320
14386,330
14387,337
14388,345
14389,356
14390,363
14391,369
14392,377
14393,380
14394,392
14395,399
14396,222
14397,231
14398,237
14399,251
14400,254
14401,257
14402,269
14403,272
14404,277
14405,286
14406,301
14407,309
14408,316
14409,329
14410,340
14411,345
14412,356
14413,360
14414,365
14415,369
14416,372
14417,380
14418,388
14419,393
14420,219
14421,224
14422,230
14423,238
14424,241
14425,249
14426,256
14427,269
14428,278
14429,288
14430,297
14431,307
14432,318
14433,324
14434,334
14435,342
14436,352
14437,361
14438,363
14439,367
14440,373
14441,378
14442,386
14443,394
14444,219
14445,224
14446,232
14447,240
14448,248
14449,256
14450,267
14451,274
14452,281
14453,292
14454,301
14455,313
14456,321
14457,330
14458,338
14459,348
14460,355
14461,365
14462,371
14463,377
14464,383
14465,388
14466,398
14467,403
14468,229
14469,236
14470,250
14471,258
14472,264
14473,272
14474,274
14475,282
14476,283
14477,300
14478,307
14479,327
14480,333
14481,344
14482,354
14483,360
14484,368
14485,373
14486,380
14487,378
14488,386
14489,392
14490,400
14491,409
14948,212
14949,216
14950,224
14951,232
14952,240
14953,248
14954,255
14955,267
14956,275
14957,289
14958,297
14959,298
14960,305
14961,319
14962,328
14963,341
14964,344
14965,352
14966,351
14967,369
14968,376
14969,384
14970,392
14971,397
14972,220
14973,226
14974,234
14975,241
14976,249
14977,259
14978,264
14979,275
14980,284
14981,295
14982,300
14983,315
14984,324
14985,334
14986,342
14987,350
14988,358
14989,363
14990,370
14991,377
14992,381
14993,388
14994,396
14995,403
14996,227
14997,240
14998,247
14999,254
15000,262
15001,270
15002,277
15003,285
15004,289
15005,304
15006,312
15007,323
15008,331
15009,344
15010,353
15011,359
15012,368
15013,375
15014,378
15015,385
15016,392
15017,391
15018,393
15019,398
15020,193
15021,203
15022,208
15023,213
15024,218
15025,228
15026,233
15027,243
15028,252
15029,261
15030,272
15031,284
15032,290
15033,289
15034,297
15035,304
15036,312
15037,326
15038,332
15039,339
15040,347
15041,352
15042,365
15043,368
15044,192
15045,200
15046,202
15047,215
15048,222
15049,231
15050,237
15051,247
15052,256
15053,266
15054,275
15055,283
15056,289
15057,289
15058,299
15059,305
15060,322
15061,329
15062,334
15063,340
15064,352
15065,357
15066,365
15067,371
15068,195
15069,201
15070,208
15071,214
15072,222
15073,232
15074,242
15075,250
15076,260
15077,272
15078,281
15079,281
15080,292
15081,307
15082,317
15083,324
15084,333
15085,340
15086,344
15087,349
15088,354
15089,362
15090,370
15091,377
15092,212
15093,219
15094,222
15095,230
15096,244
15097,252
15098,256
15099,265
15100,275
15101,276
15102,290
15103,299
15104,313
15105,323
15106,336
15107,344
15108,351
15109,359
15110,367
15111,369
15112,377
15113,383
15114,374
15115,390
15116,218
15117,225
15118,233
15119,241
15120,252
15121,259
15122,265
15123,272
15124,277
15125,291
15126,295
15127,305
15128,317
15129,325
15130,334
15131,342
15132,346
15133,350
15134,358
15135,369
15136,372
15137,378
15138,386
15139,393
15140,218
15141,225
15142,233
15143,243
15144,241
15145,260
15146,264
15147,272
15148,287
15149,292
15150,301
15151,306
15152,313
15153,320
15154,329
15155,334
15156,339
15157,347
15158,349
15159,345
15160,349
15161,357
15162,380
15163,386
15164,213
15165,220
15166,222
15167,229
15168,242
15169,248
15170,255
15171,262
15172,272
15173,279
15174,290
15175,299
15176,301
15177,309
15178,312
15179,321
15180,333
15181,334
15182,352
15183,357
15184,365
15185,373
15186,381
15187,387
15188,194
15189,201
15190,208
15191,214
15192,222
15193,229
15194,236
15195,246
15196,256
15197,268
15198,278
15199,276
15200,287
15201,295
15202,303
15203,315
15204,323
15205,324
15206,337
15207,334
15208,342
15209,360
15210,367
15211,374
15668,219
15669,222
15670,230
15671,235
15672,244
15673,251
15674,256
15675,266
15676,276
15677,287
15678,295
15679,305
15680,314
15681,321
15682,328
15683,337
15684,341
15685,347
15686,353
15687,360
15688,366
15689,372
15690,379
15691,385
15692,194
15693,199
15694,206
15695,213
15696,226
15697,229
15698,237
15699,245
15700,257
15701,266
15702,277
15703,287
15704,294
15705,305
15706,312
15707,320
15708,326
15709,331
15710,339
15711,345
15712,352
15713,355
15714,363
15715,373
15716,193
15717,203
15718,208
15719,216
15720,223
15721,234
15722,242
15723,246
15724,262
15725,271
15726,281
15727,292
15728,300
15729,302
15730,313
15731,324
15732,328
15733,335
15734,351
15735,353
15736,361
15737,369
15738,379
15739,386
15740,210
15741,214
15742,223
15743,228
15744,233
15745,244
15746,248
15747,254
15748,262
15749,275
15750,290
15751,292
15752,297
15753,310
15754,329
15755,337
15756,346
15757,352
15758,351
15759,360
15760,374
15761,381
15762,389
15763,395
15764,219
15765,224
15766,232
15767,238
15768,246
15769,256
15770,261
15771,272
15772,277
15773,283
15774,292
15775,307
15776,312
15777,326
15778,343
15779,345
15780,360
15781,355
15782,362
15783,363
15784,370
15785,378
15786,382
15787,396
15788,212
15789,231
15790,237
15791,241
15792,249
15793,257
15794,264
15795,272
15796,279
15797,287
15798,297
15799,305
15800,313
15801,321
15802,332
15803,339
15804,347
15805,354
15806,367
15807,372
15808,374
15809,382
15810,391
15811,398
15812,219
15813,227
15814,235
15815,243
15816,251
15817,259
15818,266
15819,274
15820,284
15821,292
15822,300
15823,308
15824,316
15825,322
15826,323
15827,335
15828,348
15829,354
15830,362
15831,369
15832,377
15833,383
15834,391
15835,403
15836,225
15837,227
15838,235
15839,248
15840,251
15841,258
15842,265
15843,276
15844,284
15845,292
15846,304
15847,312
15848,309
15849,314
15850,323
15851,337
15852,346
15853,353
15854,361
15855,366
15856,374
15857,382
15858,390
15859,396
15860,197
15861,208
15862,215
15863,222
15864,230
15865,238
15866,244
15867,252
15868,260
15869,266
15870,271
15871,281
15872,289
15873,297
15874,307
15875,316
15876,317
15877,324
15878,332
15879,340
15880,348
15881,357
15882,365
15883,371
15884,195
15885,291
15886,299
15887,306
15888,314
15889,321
15890,326
15891,352
15892,349
15893,353
15894,367
15895,374
15896,190
15897,197
15898,208
15899,213
15900,229
15901,232
15902,244
15903,249
15904,259
15905,271
15906,283
15907,282
15908,290
15909,298
15910,301
15911,315
15912,318
15913,324
15914,332
15915,338
15916,346
15917,354
15918,370
15919,374
16375,201
16376,209
16377,213
16378,221
16379,231
16380,239
16381,247
16382,257
16383,268
16384,268
16385,280
16386,290
16387,297
16388,305
16389,313
16390,322
16391,327
16392,335
16393,342
16394,351
16395,358
16396,367
16397,375
16398,383
16399,206
16400,214
16401,222
16402,230
16403,238
16404,246
16405,250
16406,256
16407,259
16408,276
16409,281
16410,291
16411,300
16412,306
16413,316
16414,324
16415,330
16416,334
16417,343
16418,348
16419,359
16420,364
16421,368
16422,377
16423,201
16424,202
16425,211
16426,219
16427,230
16428,235
16429,244
16430,251
16431,261
16432,265
16433,281
16434,288
16435,296
16436,305
16437,315
16438,323
16439,330
16440,335
16441,341
16442,354
16443,357
16444,365
16445,368
16446,376
16447,198
16448,213
16449,217
16450,221
16451,233
16452,237
16453,244
16454,252
16455,268
16456,277
16457,288
16458,295
16459,303
16460,313
16461,325
16462,333
16463,336
16464,342
16465,349
16466,358
16467,369
16468,379
16469,381
16470,386
16471,208
16472,223
16473,228
16474,229
16475,241
16476,246
16477,251
16478,256
16479,268
16480,275
16481,281
16482,287
16483,298
16484,307
16485,318
16486,324
16487,333
16488,339
16489,346
16490,352
16491,361
16492,366
16493,374
16494,381
16495,187
16496,190
16497,204
16498,197
16499,205
16500,218
16501,222
16502,231
16503,242
16504,254
16505,267
16506,268
16507,275
16508,283
16509,296
16510,309
16511,316
16512,321
16513,328
16514,326
16515,337
16516,344
16517,353
16518,364
16519,184
16520,188
16521,196
16522,204
16523,215
16524,232
16525,230
16526,238
16527,246
16528,260
16529,267
16530,282
16531,290
16532,298
16533,306
16534,314
16535,324
16536,328
16537,341
16538,341
16539,347
16540,355
16541,365
16542,372
16543,195
16544,203
16545,214
16546,213
16547,228
16548,242
16549,246
16550,248
16551,258
16552,269
16553,274
16554,288
16555,292
16556,297
16557,308
16558,321
16559,329
16560,336
16561,349
16562,349
16563,363
16564,370
16565,372
16566,380
16567,202
16568,206
16569,214
16570,221
16571,229
16572,234
16573,242
16574,248
16575,265
16576,269
16577,273
16578,285
16579,299
16580,301
16581,315
16582,320
16583,327
16584,329
16585,339
16586,344
16587,349
16588,359
16589,369
16590,372
16591,195
16592,199
16593,204
16594,226
16595,227
16596,237
16597,240
16598,256
16599,260
16600,277
16601,290
16602,298
16603,299
16604,315
16605,326
16606,330
16607,333
16608,342
16609,352
16610,357
16611,364
16612,371
16613,374
16614,207
16615,208
16616,211
16617,219
16618,225
16619,232
16620,241
16621,250
16622,256
16623,272
16624,274
16625,286
16626,293
16627,302
16628,310
16629,319
16630,332
16631,342
16632,339
16633,352
16634,360
16635,371
16636,376
16637,381
17094,213
17095,219
17096,227
17097,232
17098,240
17099,248
17100,250
17101,260
17102,268
17103,276
17104,288
17105,301
17106,307
17107,316
17108,323
17109,329
17110,342
17111,347
17112,356
17113,361
17114,368
17115,376
17116,387
17117,395
17118,243
17119,253
17120,265
17121,273
17122,280
17123,287
17124,291
17125,288
17126,299
17127,309
17128,318
17129,321
17130,327
17131,335
17132,343
17133,350
17134,357
17135,368
17136,376
17137,384
17138,388
17139,400
17140,409
17141,413
17142,243
17143,250
17144,258
17145,267
17146,266
17147,280
17148,286
17149,294
17150,305
17151,311
17152,319
17153,324
17154,335
17155,342
17156,350
17157,361
17158,365
17159,370
17160,383
17161,386
17162,388
17163,398
17164,406
17165,410
17166,219
17167,223
17168,229
17169,237
17170,244
17171,244
17172,256
17173,264
17174,275
17175,284
17176,299
17177,308
17178,317
17179,326
17180,337
17181,340
17182,348
17183,357
17184,362
17185,363
17186,373
17187,380
17188,391
17189,392
17190,216
17191,223
17192,229
17193,237
17194,262
17195,260
17196,267
17197,278
17198,287
17199,292
17200,308
17201,310
17202,317
17203,327
17204,341
17205,349
17206,355
17207,360
17208,377
17209,379
17210,384
17211,392
17212,393
17213,218
17214,235
17215,243
17216,253
17217,264
17218,271
17219,279
17220,278
17221,292
17222,302
17223,314
17224,324
17225,331
17226,335
17227,351
17228,354
17229,358
17230,369
17231,377
17232,385
17233,390
17234,397
17235,402
17236,230
17237,241
17238,249
17239,256
17240,267
17241,267
17242,274
17243,281
17244,289
17245,297
17246,305
17247,316
17248,323
17249,331
17250,338
17251,352
17252,360
17253,369
17254,376
17255,382
17256,394
17257,407
17258,409
17259,414
17260,237
17261,246
17262,258
17263,260
17264,271
17265,274
17266,289
17267,291
17268,303
17269,313
17270,322
17271,322
17272,331
17273,339
17274,346
17275,354
17276,354
17277,361
17278,369
17279,385
17280,387
17281,393
17282,404
17283,408
17284,228
17285,243
17286,251
17287,251
17288,256
17289,264
17290,281
17291,286
17292,290
17293,304
17294,311
17295,316
17296,322
17297,330
17298,338
17299,343
17300,359
17301,365
17302,373
17303,380
17304,382
17305,395
17306,400
17307,405
17308,234
17309,242
17310,249
17311,258
17312,266
17313,274
17314,286
17315,294
17316,305
17317,313
17318,315
17319,310
17320,319
17321,327
17322,348
17323,356
17324,382
17325,380
17326,396
17327,396
17328,403
17329,405
17330,409
17331,416
17332,220
17333,232
17334,237
17335,248
17336,250
17337,261
17338,269
17339,281
17340,290
17341,295
17342,306
17343,311
17344,321
17345,329
17346,334
17347,340
17348,351
17349,357
17350,358
17351,373
17352,378
17353,378
17354,390
17355,396
17356,218
17357,225
17358,232
17359,237
17360,246
17361,260
17362,264
17363,269
17364,280
17365,280
17366,295
17367,303
17368,314
17369,318
17370,328
17371,333
17372,343
17373,344
17374,355
17375,370
17376,378
17377,391
17378,395
17379,404
